ID,FBO,PHONE,Email,FBO NOTES
KFMN,4 CORNERS,505-325-2867,pagefield@flylcpa.com,
KPGV,A/P AUTHORITY,252-758-4707,,
KOKC,AAR OKLAHOMA,405-218-3160,fbo@aarcorp.com,
KABR,Aberdeen Flying Svc,605-225-1384,afsbc@nvc.net,
KABI,ABILENE AERO,915-677-2601,csr@abileneaero.com,
KSGU,Above View Jet Center,435-688-8009,Data,
RKSI,ACC INTERNATIONAL AVIATION SERVICES,011 82 22661 9616,011 82 19 3212033,
KSJC,ACM,800-359-7538,,
KS24,ADVANCED AIR SVCS,419-547-0131,419-547-4312,
KCPR,AERO CARE,307-266-5129,,Phillips IntoPlane
MZBZ,AERO DISPATCH,501-22-52163,aerodispa@btl.net,*Rudy runs FBO - They can arrange ground ambulance/ also he will file the out going flight plan for pilots
KHKS,AERO JACKSON INC,601-948-8778,601-355-4032,
KIDA,AERO MARK,208-524-1202,,
SKBO,AERO SUPPORT,(57) 315 3444491 | (57) 315 342 9824,,
KILG,AERO TAXI,800-551-8555,302-328-6515,Use 800# for after hours
KMRB,AERO-SMITH,800-550-2507,304-262-2509,
SCEL,Aerocadal,56-2-3777475,56-2-3777402,Contact Fernando zamorano
CYQR,AEROCENTRE,800-667-7742,csr.yqr@yqraero.ca,
LFSD,Aerodijon,33-380-676-767,33-380-630-299,Contact Valerie
MRLM,Aerojet,011-506-381-1244/506-350-3263/506-350-3603,contactus@aerojet.co.cr,They need 24-36 hours notice-coming from other airports; http://www.aerojet.co.cr/contact.htm
SABE,AEROPARQUE,,,
PASI,AEROSERVICES,907-747-7222,,
SKCG,AEROSUPPORT,011-57-315-866-6696,operationsskcg@aerosupportfbo.com,
MMGL,AEROTRON,52-333-284-2300,gdl@aerotron.com.mx,After Hours: 52-322-226-8440
KSCK,AG SPANOS,209-982-1550,209-982-0305,
EPRZ,AHS HANDLING,48-732-695-493,rze@ahs.com.pl,
KAIK,AIKEN AVN ENTERPRISES,803-648-7803,803-648-7804,
KAFJ,AIR CHARTER SERVICE,724-222-1025,724-228-6275,
KHNZ,AIR COBRA,,,$2.78 / gallon retail
KJST,AIR EAST AVITAT,814-536-5103,814-536-3011,
KCGI,AIR EVAC AVIATION,573-335-6631,573-335-1973,Answering service 24hours
TNCB,AIR HANDLING SERVICES,011-599-796-5919/011-599-795-1848,info@ahsbonaire.com,
KMZZ,AIR MARION,765-674-7777,,
PHKO,AIR SERVICE HAWAII,808-334-0699,808-329-0781,
PHNL,AIR SERVICE HAWAII,808-839-5003,honolulu@airservicehawaii.com,
PHOG,AIR SERVICE HAWAII,800-578-8405,808-871-1274,
KMCB,Air Svcs of MS,601-684-8950,airservicesms@bellsouth.net,
KIGM,AIR'ZONA A/C SERVICE,928-757-7744,928-757-4744,"After hours 75.00 call out charge, 24/7 Self service avail. Over wing or central point. All major cc ok. No add.charge line serv.bus.hours"
KLUL,AIRCRAFT SERVICES,601-426-2626,,
KBRD,AIRMOTIVE ENTERPRISE,218-829-3398,,
KTAD,AIRPORT AUTH,719-846-6271,719-846-3901,
CYBC,AIRPORT AUTHORITY,418-589-8285,aeroport.dir@mrcmanicouagan.qc.ca,
KBIE,AIRPORT AUTHORITY,402-223-5349,,
MKBS,AIRPORT AUTHORITY,+1-876-975-3731/CHANTELLE (OPS) 876-806-0743,IOPERATIONS@AAJ.COM.JM,Until 6/2/2020-airport closed 1700-0700L for runway maintenance; **pilots check Runway 4767ft** NO luggage/no passenger
MYEG,AIRPORT AUTHORITY,242-345-0007,242-345-0007,
TJSJ,Airport Aviation Svcs,787-791-8500,info@tjsjfbo.com,open 7a-9p/OT on rqst
MYBG,AIRPORT MANAGER MR. WALLACE,1-242-817-7595,kwallace@airportsbahamas.com,
CYQM,AIRPORT TERMINAL SVCS,506-859-7721,mfowler@atsstl.com; gbabineau@atsstl.com,
KAKR,AIRSPECT AVIATION,330-794-8383,330-794-8042,
KDHN,AIRSPEED EXECUTIVE,334-983-4541,334-983-5965,
KLNS,AIRWAYS,800-247-8294,717-569-9734,800 # rings thru to a paging system for after Hrs.
MKJP,AIRWAYS,1-876-924-8190,reservations@airwaysintl.com,
KACP,ALLEN PARISH,318-215-0090,337-639-4326,
CYSN,ALLIED AVIATION SVCS,905-684-3600,niagara@alliedaviation.ca,
LGRP,Alpha Jet Svcs,+30-210-353-3331,greece@alphajetservices.com,After Hours: 30-6946-200300
KSLN,AMERICA JET,800-748-8260,785-825-6264,
VTSP,ANDAMAN AVIATION SVCS LTD,66-2-9841041,66-2-9841044,
KAID,ANDERSON AVIATION,765-644-1238,765-378-3340,
KLFK,ANGELINA CO. AIRPORT,936-634-7511,,
KANB,Anniston Aviation,256-831-4410,scott@annistonaviation.com,FLIGHT SERVICE HAS NIGHT #S
KRKP,ARANSAS CO AIRPORT,361-790-0141,,
KBHB,ARCADIA,207-667-5534,207-667-4222,
LIRA,ARGOS VIP,39-348-74-16-727,ops@argosvph.com,
LIRN,ARGOS VIP,+011-39-06-7934-0563,ops@argosvph.com,
LIRP,ARGOS VIP,+011-39-06-7934-0563,psa@argosvph.com,
KBZN,ARLINS AIRCRAFT,800-923-2471,208-388-7417,
HEAX,ASE Egypt,2 0100 006 30 87/2 0100 126 27 31,fltops@aseegypt.aero,
EKCH,ASE HANDLING,45-2068-5928,cph@asehandling.com,
ESSA,ASE HANDLING,+46-8720-0022,ARN@ASEHANDLING.COM,
KDWU,ASHLAND AIRPORT,606-494-2034,606-494-2037,
KSLK,ASIRONDAK REG A\P,518-891-4600,518-891-6330,
KASE,ASPEN BASE OPERATION,970-920-2016,970-925-1052,"NOISE / Night Curfew, High Altitude, Mountainous"
MGGT,ASSA-AIR STATION S.A,+502-2302-9393,info@fbogt.com,After Hours: +502-5319-5182
KAHN,Athens Flight Center,706-613-3420,airport@accgov.com,
KRYY,ATLANTA NORTHSIDE AV,800-754-4300,770-422-4382,
KELP,Atlantic,915-779-2831,915-775-0833,Kevin.thompson@atlanticaviation.com
KADS,ATLANTIC AVIATION,972-713-7000,adsfrontdesk@atlanticaviation.com,
KBAF,Atlantic Aviation,1 413 485 0078,BAFfrontdesk@atlanticaviation.com,
KBCT,ATLANTIC AVIATION,1-561-368-1110,bctfrontdesk@atlanticaviation.com,
KBNA,ATLANTIC AVIATION,615-360-8109,bnafrontdesk@atlanticaviation.com,
KCHS,ATLANTIC AVIATION,843-746-7600,843-746-7642,
KCLE,ATLANTIC AVIATION,216-362-1500,clefrontdesk@atlanticaviation.com,
KCRP,ATLANTIC AVIATION,512-289-1881,512-289-2247,
KELM,Atlantic Aviation,607-739-3597,607-739-0239,Multi Service
KHFD,ATLANTIC AVIATION,800-548-9334,860-549-7408,
KIAD,ATLANTIC AVIATION,703 661 0150,Fax 703-661-0152,
KIAH,Atlantic Aviation,281-443-3434,iahfrontdesk@atlanticaviation.com,
KMCO,ATLANTIC AVIATION,407-851-8304,mcofrontdesk@atlanticaviation.com,
KMDW,ATLANTIC AVIATION,773-582-5720,mdwfrontdesk@atlanticaviation.com,
KMLB,ATLANTIC AVIATION,321-255-7111,321-255-7113,
KMSY,ATLANTIC AVIATION,504.466.1700,504.465.9699,
KPHL,ATLANTIC AVIATION,215-492-7060,215-492-6076,
KPIT,ATLANTIC AVIATION,412-472-6700,412-472-6709,
KRDU,ATLANTIC AVIATION,1-919-532-1423,RDUFrontdesk@atlanticaviation.com,
KSBA,ATLANTIC AVIATION,805-964-6733,SBAfrontdesk@atlanticaviation.com,
KSRQ,ATLANTIC AVIATION,1-941-358-9600,srqfrontdesk@atlanticaviation.com,
KSUA,ATLANTIC AVIATION,1-772-288-6700,suafrontdesk@atlanticaviation.com,
KLAS,ATLANTIC AVIATION ,800-726-2810,702-597-9181,
KBHM,ATLANTIC AVIATION EAST,205-591-6830,bhmefrontdesk@atlanticaviation.com,
KBGM,ATLANTIC AVIATION SV,607-644-1062,607-644-1093,
KSDF,ATLANTIC AVIATION SV,502-368-1515,502-368-1506,
KSNA,ATLANTIC AVIATION SV,800-500-5061,949-851-1450,
CYSJ,ATLANTIC FLIGHT CENTRE,506-634-5565,info@afcfbo.com,
MWCR,ATLANTIC-ISLAND AIR,1-345-949-5252,res@islandair.ky,SEND HANDLING REQUEST AND GENDECS
KDNL,AUGUSTA AVIATION,706-733-8970,706-738-9746,
KBEH,AV STAT,616-925-5114,616-926-8313,
KMLU,Av-Flight,1-318-387-0222,,
KOLU,AvCraft,402-564-7884,avcraftinc@gmail.com,
KGTR,Avflight Columbus,662-200-5670,csrcolumbus@avflight.com,
KFNT,AVFLIGHT FLINT,800-344-0997,810-235-9778,
KPWT,AVIAN FLIGHT CENTER,360-674-2111,notify@avianflight.com,
SKCL,AVIANCA,,,
EBBR,AVIAPARTNER EXEC,+011-32-2-723-0697,bru.executive@aviapartner.aero,
KAPN,AVIATION NORTH,517-356-6361,517-356-0952,
KAGS,AVIATION SERVICES,706-798-2656,706-796-8933,
OOMS,Aviation Svc,968-519-478,968-510-040,Contact Seif Al Behlany
MNMG,AVIATUR S.A.,505.8.839610,505.2.333089,"Christopher Montenegro
505-883-9610"
KMAF,AVION FLT CENTER,800-759-3359,915-563-4344,
KMOB,AVITAT MOBIL AIR,004-633-5000,334-622-2225,
KCHA,AVITAT-TAC AIR NORTH,1423-490-4600,1-423-894-2739,
CYQB,AVJET,418-877-6708,handlingyqb@avjet.ca,
KBLV,Avmats-Mid America,636-812-1525,pgcrow@avmats.com,
KGYH,AVSERVE,864-299-0314,864-299-0324,
KBKE,BAKER AIRCRAFT,541-523-5663,,
KBGR,BANGOR AVIATION,207-992-4582,bgrops@flybangor.com,
KHYA,BARNSTABLE MUNI. AP,508-775-2020,,
KBOW,BARTOW FLYING SERV,863 533 1195,,
EDDT,BAS BERLIN AVIATION SVC,011-49-30-4170-51920,ops@bas.aero,
KMDD,BASIN AVIATION,915-685-7000,915-683-8851,after hours answering service
KBTR,Baton Rouge Jet Center,225-355-9052,info@btrjet.com,
KSBY,BAYLAND AVIATION,410-749-0323,410-749-0035,
KROG,Beaver Lake Aviation (Walmart),479-636-9400,blacsrs@wal-mart.com,
KLEW,BEL AIR SERVICES,207-784-6318,207-784-3819,
KBLI,BELLINGHAM AVIATION SVCS,360-676-7624,info@bli-jet.com,Customs POE
KPSC,BERGSTROM AIRCRAFT,509-547-6271,info@bergstromaircraft.com,
KBML,BERLIN MUNICIPAL AIR,603-449-2168,,
KHYI,Berry Aviation,512-353-2379,fbocustomerservice@berryaviation.com,
KBFD,BFD REGIONAL APT.,814.368.5928,,
KMIV,BIG SKY AVIATION,800-752-9207,856-825-4144,
KSHR,BIGHORN AIRWAYS,1-307-672-3421,,
KARB,BIJAN AIR,734-769-8400,734-769-6555,
KSBD,BLUE'S AVIATION,909-382-0101,909-382-8562,
KBMG,BMG Aviation,812-825-7979,info@bmgaviation.com,
TISX,BOHLKE INTL AIRWAYS,340-778-9177,FBOservice@Bohlke.com,
SLCB,Bolivia Aviation,591-3-537-589,591-1-395-976,Contact Bernardo D Collaeib
KBAZ,BRAUNTEX AVIATION,830-629-1700,830-629-0743,
KAPC,BRIDGEFORD FLYING SE,800-229-6272,707-257-7770,
KART,BROUTY AIRCRAFT SERV,315-639-3783,315-639-3990,
KHYX,BROWNE AIRPORT,989-758-2459,,
KITR,BURLINGTON AVIATION,719-346-5352,,
EFHK,BUSINESS FLIGHT CENTER,011-358-20-708-2780,business.efhk@finavia.fi,
KBTM,BUTTE AVIATION,406-494-6694,406-494-6698,
KGLD,BUTTERFLY AVIATION,785-899-7531,butterfly@st-tel.net,
KPIA,BYERLY AVIATION,309-697-6300,309-697-2779,
KSBP,CAL COAST AVAITION,805-545-9569,805-543-7945,
CYBL,CAMPBELL RIVER AIRPORT,250-923-5012,airport.admin@campbellriver.ca,
KSAF,CAPITAL AVIATION,800-757-9030,505-471-0905,
KLNK,CAPITOL AVIATION,877-284-2846,402-475-8012,
TFFR,Caraibes Handling,+590-590-211462/590-690-569898/Mobile 590-690-450777,opsch@orange.fr; p.chailly@wanadoo.fr,Need landing permit-takes svrl biz days
KHBI,CARDINAL AIR,336.625.6120,asheboroairport@gmail.com,
KSCR,Cardinal Air,919-742-3847,silercityairport@gmail.com,After Hours: 919-619-2707
KEWN,CAROLINA AIR SERVICE,252-633-1400,252-633-1097,
KO39,CAROLINA FLIGHT CENT,803-366-5108,803-366-1519,
CYLW,CARSON AIR-KELOWNA SHELL AERO,250-765-8155,FBO@CARSONGOC.COM,
KSWF,CAS HANDLING,845-567-0000,845.567.0000,PH-CT
KPAE,CASTLE & COOKE AVIATION,425-355-6600,customerservicepae@castlecooke.com,
TNCC,CATS - Jet Centre Curacao,599-9-839-1221,service@catsnv.com,Sunny Oedjaghir / Manager
TXKF,Cedar Aviation,441-232-3327,fbo@cedaraviation.com,FBO will arrange taxi to take medical to hospital.  Hospital should already have ambu set for return to airport.
KF17,CENTER AIRPORT,936-598-8119,,
KGUY,CENTERLINE AVIATION,580-338-7700,580-338-7700,
CYGK,CENTRAL AIR,613-389-9300,centralair@bellnet.ca,
KAMW,Central Iowa Air Svc,515-292-9056,info@centraliowaair.com,After Hours 515-450-0442
KCWA,CENTRAL WISC AVIATION,715-693-6111,fbo@cwa-fbo.com,After Hours 715-693-2147
KGSP,Cerulean Aviation,864-655-5221,csr@ceruleanaviation.com,
LFOP,CHAMBRE DE COMMERCE,33-235-794103,33-235-804867,
LFRB,Chambre De Commerce,33-298320-100,33-298-320142,
KGVL,CHAMPION AVIATION SV,770-532-4136,770-534-1334,
KCMA,Channel Islands Aviation,805-987-1301,cia@flycia.com,After Hours 805-377-1822
KLBB,CHAPARRAL JET CENTER,806-762-6670,las@flylawton.org,
KPGD,CHARLOTTE COUNTY,941 639 4119,941 639 6214,
KCWF,CHENNAULT JET,318-436-4877,318-436-5387,
MYAM,CHEROKEE AVIATION,242-367-1900,242-367-0526,
MYAN,CHEROKEE AVIATION,1-242-367-2889,242-367-2942,
ZSSS,China Eastern Air,86-21-62680102,86-21-62686039,Contact Shi Scott
KHQZ,CITY AIRPORT TERMINA,973-222-8536,972-222-6057,
KCXW,City of Conway,501-358-6200,josh.zylks@cityofconway.org,After Hours 501-428-1832
KEMP,City of Emporia,620-343-5600,emporiaairport@emporia-kansas.gov,
KMAI,CITY OF MARIANNA,850-482-2281,,
KMWL,CITY OF MINERAL WELL,940-328-1478,,
KGYR,CITY OF PHOENIX,623-932-1200,,
KSPA,CITY OF SPARTANBURG,864-574-8552,tconnorton@cityofspartanburg.org,pre arrange after hours
KTPL,CITY OF TEMPLE,254-298-5770,254-298-5355,
KTCS,CITY OF TRUTH OR CON,505-894-6199,505-894-6199,
KHBV,CJL LIMITED,361-527-9033,,
KCGF,Cleveland Jet Center,216-261-8800,info@clevelandjetcenter.com,
KCTZ,CLINTON FLYING SERV,910-592-3295,sampson.admin@ncflyports.com,
KN66,CLIPPER AVIATION,607-431-1076,,Pre arrange after hours
TLPC,CM&S Aviation,758-484-6210/758-485-1886/758-452-3131,cmsaviation@candw.lc; intravel@candw.lc; francilia.scott@gmail.com,AA handled only by CM&S Aviation; Handling O/T: $300; Customs O/T: $300
KFTG,Co Air & Space Port,303-261-9100,Lhague@adcogov.org,
KBWG,CO-MAR AVIATION,270-781-9797,270-793-0525,
KISZ,CO-OP AIRCRAFT SERVI,1-513-791-8500,1-513-792-3413,
KCFV,COFFEYVILLE AIRCRAFT,316-251-4310,316-251-9172,
KLSE,COLGAN AIR,608-783-8359,kcolganhammen@colgan-air.com,
KEWB,COLONIAL AIR,508-997-0620,508-990-2582,
KGON,COLUMBIA AIR,860-449-1257,860-449-1047,prearrange after hours
KCOU,Columbia Jet Center,573-443-1576,smilner@columbiajet.aero,After Hours 513-817-5063
KCVG,COMAIR AVIATION,606.767.3500,606.767.2099,
KWJF,COMARCO AIRPORT SVCS,661-940-1709,661-942-6754,
KCON,CONCORD AVIATION,603-228-2267,603-228-2268,pre-arrange after hours
KOTH,COOS AVIATION,541-756-5181,,
TJBQ,Copeca Jet Center,1-787-363-2678,copeca@copecajetcenter.com,
KMQY,CORPAORATE FLIGHT MG,615-459-8883,615-459-8778,
KAGC,CORPORATE AIR,412-469-6800,customerservice@corporateairllc.com,
LIRQ,CORPORATE AIR SER,39-55-300-450,,
KJWN,CORPORATE FLIGHT MGM,615-350-5000,,
KSDL,CORPORATE JETS,800-995-5387,602-443-7227,
KSBN,CORPORATE WINGS,574-282-4200,reception@corporatewings.com,
KTZR,CORPORATE WINGS,614-878-1200,614-870-5552,
KX35,COUNTY AIRPORT,352-489-4919,,
KDDC,Crotts aircraft avc,620-227-3553,crotts@ucom.net,
KTDZ,CROW EXECUTIVE AIR,419-838-6921,ceo@crowair.com,
KMYF,CROWN AIR,619-277-1453,619-277-1937,
KOUN,CRUISE AVIATION,405-360-3900,405-329-0604,
KCMD,Cullman Airport,256-775-1011,bharrison@cullmanregionalairport.org,
KCMD,Cullman Airport,256-775-1011,bharrison@cullmanregionalairport.org,
KCTB,Cutbank Arprt Authority,406-873-8683,cbaa_mt@yahoo.com,After Hours 406-229-0376
KABQ,CUTTER AVIATION,800-678-5382,infoalbuquerque@cutteraviation.com,
KCOS,CUTTER AVIATION,719-591-2065,infocos@cutteraviation.com,After Hours 505-269-5546
KDVT,CUTTER AVIATION,623-581-1444,infodvt@cutteraviation.com,
KPHX,CUTTER AVIATION,602-273-1237,infophoenix@cutteraviation.com,
KRBD,CUTTER AVIATION,877-711-2713,214-339-2792,
KUGN,DB AVIATION,800-922-3835,847-336-9320,
LMML,DC AVIATION,356-21375973,356-21375958,
KDEC,DECATUR AVIATION,217-423-9832,,
KIPT,DEGOL JET CENTER,800-872-3599,717-368-8651,
KDED,DELAND AV.,386-785-0092,386-785-0094,Afters hrs # on door of FBO
LIRZ,DELTA AEROTAXI SRL,+39-075-592-9058,perugia@deltaflr.it,
KBJC,DENVER AIR CENTER,800-525-8139,303-466-1524,
KAPA,Denver Jet Center ,303-790-4321,customerservice@denverjetcenter.com,
KDMN,Desert Aviation,575-544-3660,desertnm310@gmail.com,After Hours 575-494-2311
KHII,Desert Skies Exec.,928-764-8000,desertskiesexecutiveair@yahoo.com,
LEPP,Desiderio,34-48-31-8072,34-48-31-8404,Contact Jefe De Escela
KEHR,Don Davis Aviation,270-826-6000,customerservice@dondavisaviation.com,
KFHU,DOUBLE EAGLE AVIATIO,1-520-459-7305,1,
KBFM,DOWNTOWN AIR CENTER,1334-433-2800,334-433-2857,
KMFI,DUFFS AIRCRAFT,715-387-2211,715-384-5251,
KHEF,DULLES AVIATION,888-835-9324,703-361-4478,
KBTL,DUNCAN AVIATION INC.,1-800-525-2376,1-269-969-8432,
KDPA,DUPAGE FLIGHT CENTER,800-208-5690,630-443-9077,
KDRO,DURANGO AIR SERVICE,970-247-5535,970-247-5537,
KDUA,DURANT CITY AIRPORT,580-920-0574,580-296-2717,
KPOU,DUTCHESS CO. AIRPORT,845.463.6000,845.462.0083,On Call: Call ahead
KCAE,EAGLE AVIATION,888-425-7466,,
KEYE,EAGLE CREEK,317-293-6935,317-299-1058,pre-arrange after hours
KLWM,EAGLE EAST AVIATION,978-683-3314,,
KMGR,Eagles of America,229-890-9464,contact@eaglesfbo.com,
KESN,EASTON JET,410-820-8770,410-820-5082,
KEBG,EDINBURG INT'L ARPT.,956-292-2088,956-522-3580 Cell,"Self Serve Airport, Pilot must fuel. No Prist. Non-branded JetA"
KBIL,EDWARDS JET CENTER,866.353.8245,406.245.9491,$4.33
KDSM,ELLIOTT AVIATION,515-285-6551,dsmfront@elliottaviation.com,After Hours 515-285-6551
KFCM,ELLIOTT AVIATION,952-944-1200,fcmcontacts@elliottaviation.com,
KMLI,Elliott Aviation,309-799-3183,jgowey@elliottaviation.com,After Hours 309-737-6554
KRFD,EMERY AIR,800-435-8090,,
KWDG,ENID AIRPORT,800-259-5476,wdgairport@enid.org,After Hours: 580-231-0189
CYOO,ENTERPRISE AIRLINES,1800-668-4382,info@enterpriseair.ca,
KPDK,Epps Aviation,770-458-9851,cservice@eppsaviation.com,
KACV,EUREKA ARPT,707-839-5401,,
LGSA,EURO AVIATION,30-210-3534315,30-210-3532624,
LDZA,EURO JET ,1-800-849-0597,ops@eurojet-service.com,
LEBL,Euro Service,34-3-370-0654,34-3-478-3672,Contact Bill Sergio
KHLN,EXEC AIR MONTANA,800-513-2190,info@execairmontana.com,
KCRW,EXEC AIR TERM.,800-788-3876,304-343-8828,
TTPP,Exec Jet Centre/Signature,868-224-8101,POS@signatureflight.com,
KMDQ,EXEC. FLIGHT CTR,256.828.1403,info@executiveflightcenter.com,After Hours 256-603-9345
CYYZ,EXECAIRE AVIATION,1 905-677-6901,torontofbo@execaire.com, rqst slot from FBO
DNMM,EXECUJET AVIATION NIGERIA,+011-234-1-295-5110,fbo.dnmm@execujet.com.ng,
FALA,Execujet Aviation Services,27 11 7013472,fbo.fala@execujet.co.za,
KBIS,EXECUTIVE AIR TAXI,1-701-258-5024,701-258-2693,
CYAM,EXECUTIVE AVIATION,249-889-1244,YAMOPS@EXECUTIVEAVIATION.CA,
CYXU,EXECUTIVE AVIATION,1888-867-5280,customerservice@executiveaviation.ca,
KIXD,EXECUTIVE BEECH,913-782-9003,913-782-1555,
KMKC,EXECUTIVE BEECHCRAFT,800-821-7992,816-842-9948,
CYMM,EXECUTIVE FLIGHT CENTRE,780-791-9881,fbo.ymm@efcaviation.ca,
CYYC,EXECUTIVE FLIGHT CENTRE,888-299-2825,yyctlogistics@efcaviation.ca,
CYEG,EXECUTIVE FLT CENTER,780-890-8640,yegt1@efcaviation.ca,
EGTE,Exeter Handling,44-01392-354-995,xlr@exeter-airport.co.uk,
KMLS,FALCON AVIATION,406-232-1296,406-232-6605,
KODO,FAR MOR AVIATION,432-367-5881,432-367-5883,
KFAR,FARGO JET CENTER,701-373-8800,,
EDDF,FAS FRANKFURT AVIATION SVC,011-49-69-6380-9620,ops@fas.aero,
CYWG,FASTAIR JET CENTRE,204-831-7714,service@flyfastair.com,
KFYV,FAYETTEVILLE AIR,501-443-4343,501-443-9086,
LKPR,FERAS,420-233343362,420-233343102,LKPR
KSDM,First Flight,619-661-6522,firstflightcorp@yahoo.com,
KCMI,FLIGHT STAR,217-351-7700,csr@flightstar.com,
KEUG,FLIGHTCRAFT,800-776-6312,541-688-5749,
KPDX,FLIGHTCRAFT,800-547-9307,503-331-4273,answering service after hours
KOQU,Flightlevel Aviation,401-295-5020,KOQU@ParagonFBO.com,
KGCC,FLIGHTLINE AV SVCS,307-686-7000,307-686-5770,
KNEW,Flightline First,504-244-4448,flightlinefirst@gmail.com,After Hours 504-722-9188
CYKF,FLITELINE SERVICES,519-514-0530,ykfcsr@fliteline.ca,
EDDR,FLUGHAFEN,49-6893-83244,occ@scn-airport.de,
KOKK,FLYING EAGLE,765-868-2084,765-868-1042,
KCNO,Flying Tigers Aviation,909-606-3300,yvette@flyingtigersaviation.net,
KFLD,Fond Du Lac Skyport,800-686-1696,-9648,
KOPF,Fontainebleau Aviation,305-685-4646,info@fbaviation.com,
KFOD,Fort Dodge Flight Support,515-955-3434,Fax: 515-955-4254,After Hours 515-570-6206
KFWA,Fort Wayne Aero Center,260-446-3456,csr@fwaerocenter.com,
KFNL,FORTCOLLINS JETCENTE,970-667-2574,customerservice@fnljetcenter.com,
KSCH,FORTUNE AIR,518-381-9965,518-374-5338,
KFDK,FREDERICK AVIATION,301-662-8156,301-662-3101,
VICG,FREEDOM AIR SERVICES,,,
VIDP,FREEDOM AIR SERVICES,011-91-11-298-13311,011-91-11-298-18737,Contact: Deepak Rimal
KLYH,Freedom Aviation,434-237-8420,soliver@flyfreedomaviation.com,After Hours 434-944-3056
KLCH,Freeman Jet Center,337 478 7722 or 337 794 0477,info.lch@freemanjetcenter.com,
KDRT,FRONTERA AVIATION,930-768-4842,,
PACD,FROSTY FUELS,1-907-532-2467,1-907-532-2817,Mike
KIZG,FRYEBURG,207-935-2800,207-935-4492,
KFXE,Ft. Lauderdale Exec Jet Ctr,954-351-2003,info@fxejetcenter.com,
KGNT,G-M AVIATION,505-287-4700,505-287-7502,AV-GAS ONLY
ENBR,GA PARTNER,47-938-15-000,ops@gapa.no,
KCXO,GALAXY AIR SERVICE,936-494-4252,INFO@galaxyfbo.com,
KPPF,Galaxy Air Svcs,620-336-3440,dchristy@parsonsairport.com,
KSGJ,GALAXY AVIATION,904-824-1995,904-824-4509,
KGUP,GALLUP FLYING,505-863-6606,505-863-4381,
KLAX,GARRETT AVIATION,800-942-7738,310-757-3409,
KGYY,GARY JET CENTER,800-892-8178,219-944-8232,
CYHZ,GATEWAY FACILITIES,902-802-4979,fbo@yhzgateway.com,
CYQY,GATEWAY SYDNEY,902-999-7044,customerservice@yqygateway.com,
KGKT,GATLINBURG AVIATION,423-453-8393,,
MYGF,GBAC Aviation Services,242-350-4233 or 242-350-4331,fbo@airportsbahamas.com or huyler.wendy@airportsbahamas.com,AIRPORT CLOSED DUSK-DAWN!
KDFW,GENERAL AV. TERM. 2,972-574-3390,,
KPQI,GENERAL AVIATION,207-764-2555,207-764-4871,
KUOX,GENERAL AVIATION,1-662-234-2036,,
KJFK,GENERAL AVIATION TER,718.244.4111,718.244.3940,
KGED,GEORGETOWN AIR SVC,877-436-8696,,
KGGE,GEORGETOWN AVAITION,843-546-6171,843-546-4356,
KLZU,GEORGIA JET,800-426-6557,,
KGEU,GLENDALE AVATION,623-872-1368,623-872-1360,
KBQK,GLYNCO TAJ AVIATION,912-264-9200,912-267-9585,
KSSI,Golden Isles,912-638-8617,goldenislesaviation@yahoo.com,
KALW,GORGE AVIATION SVCS,509-525-9851,ron@gorgeaviationservices.com,Runway 6527
LTBJ,Gozen Air,90-232-274-2191,90-232-274-2111,Contact Verique Guevel
LTAC,Gozen Air Service,90-312-398-0377,90-312-398-0346,
LTBA,Gozen Air Service,90-212-663-0879,90-212-663-0856,Contact Vernique Guevel
KTTF,GRAND AIRE,734-457-1730,734-457-1798,
KLEB,Granite Air Center,603-298-6555,customer.service@graniteair.com,
PANC,GREAT CIRCLE FLT SVS,907-245-1232,907-245-1501,
CYQG,GREAT LAKES FLT.CTR,519-969-7052,dispatch@glfc.ca,
KROW,GREAT SOUTHWEST AVAI,800-824-0531,505-347-2431,
KOGD,GREAT WESTERN JET,800-748-5454,801-394-9563,
KGXY,GREELY WELD CO.,970-356-9141,970-356-2643,
KGVT,GREENVILLE AVATION,903-457-2960,903-454-4606,
KGCY,Greenville Aviation Avcs,423-639-6275,greenevilleaviation@comcast.net,
TDPD,Ground Handlers Ltd.,767-445-8936,767-445-8841,Dock is 60min drive
PGUM,GUAM INT'L AIRPORT,671-344-8697,,
KHRL,Gulf Aviation,956-423-7317,custservice@gulf-aviation.net,
KGUC,GUNNISON VALLEY AVIA,970-641-0526,970-641-4089,
OMDB,HADID INTERNATIONAL SERIVES,011-971-4-299-7777,011-971-4-299-7700,
FOOL,HANDLING PARTNER GABON,241-01-73-43-93,contact@hpg.aero,
EGNH,HANGAR 3 BLACKPOOL,+44-1253-407070,BLKhandling@hangar3blackpool.com,after hours 44-7845-020806
KTVC,HARBOUR AIR,616-929-1126,,
MTPP,HAT ENTERPRISES,+509-3652-6460 (supervisor),509-22504959,
KIND,HAWKER BEECHCRAFT,800-365-6734,317-240-5093,Phillis Fuel
KAKO,HAYES AVIATION,800-945-0161,970-345-2731,
KHYS,Hays Aircraft LLC,785-628-8881,haysaircraft@gmail.com,
KEZM,HEART OF GEORGIA REGIONAL FBO,1-478-374-4411,fordhamaviation@gmail.com,
KJES,HELI-JET,912-427-5949,912-588-0755,
KFFZ,Heliponents,480-981-8300,Info@HeliponentsInc.com,After Hours 480-223-8348
KTME,Henriksen Jet Center,281-945-5000,hjc@houstonexecutiveairport.com,
KBTV,Heritage Aviation,802-863-3626,csr@flyheritage.com,
KLWC,Hetrick Air Svcs,785-842-0000,lloyd@hetrickairservices.com,
KEDC,hHenriksen Jet Center,512-247-7678,csr@austinexecutiveairport.com,
KLWS,Hillcrest Aircraft,208-746-8271,fbo@hillcrestaircraft.com,
KHIO,Hillsboro Aviation,503-648-2831,fbo@hillsboroaviation.com,971-998-0891
KGTF,HOLMAN AVIATION,1-800-843-7613,flightlineops@holmanaviation.com,
KIGX,HORACE WILLIAMS AIRP,919-962-1337,919-962-7969,
KCPK,Horizon Aviation Svcs,757-421-9000,info@horizon-aviation.com,
KMMH,HOT CREEK AVIATION,760.924.9127,760.934.7331,
SLVR,Hotel Los Tajibos At Santa Cru,591-2-421000,,Owner Jorge And Luz Maria Calvo
CYHU,HUB FBO,450-468-4400,rampoperations@hubfbo.com,
KEOS,HUGH ROBINSON NEOSHO,417-451-8098,417-451-8065,
KBRO,Hunt Pan Am Aviation,956-542-9111,huntpanam@gmail.com,
KHTS,Huntington Jet Center,304-453-6165,,
CYZR,HURON AVIATION,519-542-7767,rhughes@sarniaairport.com,
MKJS,IAM Jet Centre,876-979-3855,mbj@iamjetcentre.com,Andre' Lawrence-Ops Coordinator email: mbj@iamjetcentre.com  
TGPY,IAM JET CENTRE,1 4734399731,gndops@iamjetcentre.com,After hours contacts (send email also): Gabriela Kozub 473-534-3538; Jerome Francis 473-536-8538; Keshia Lessey 473-418-0538; Jarryd Holdip 473-422-0538 - O/T FEES: FBO: $250; AIRPORT: $100/HR
TLPL,IAM JET CENTRE,246-428-1704,aviation@iamjetcentre.com,
LEMD,IBERIA,011-34-1-495-8566,,
GCXO,IBERIA AIRPORT SVCS,34-922-635-861,tfncicops@iberia.es,Contact Dider Tache
MMAA,ICCS,011-52-74-44-669-306,iccsops@iccs.com.mx; customerservice@iccs.com.mx,
MMCN,ICCS,011-52-5395-9049,iccsops@iccs.com.mx; customerservice@iccs.com.mx,
KBMI,IMAGE AIR,(309) 663-2303,(309) 663-8885,
KIMM,IMMOKALEE REGL.ARPT.,239-657-9003,239-657-9191,
KIDP,Independence Airport,620-332-2531,airport@independenceks.gov,After Hours 620-330-2948
VOHY,Indian Airlines,91-842-448,0,Hotel Krishana O'Beroi 91-40-3392323
CYQT,INNOTECH AVIATION SVCS,807-475-5915,admin@maintair.com,
KPUW,Inter-State Aviation,509-332-6596,interstate@pullman.com,
KSMF,INTERNATIONAL AIRPOR,916-874-0720,,
KTMB,INTERNATIONAL FLIGHT,305-238-8122,reception@ifcmiami.com,
KIOW,IOWA CITY FLYING SER,319-338-7543,319-338-6632,
CYYR,IRVING AVIATION SVS,709-896-9090,iagsbay@irvingoil.com,
MWCB,Island Air,809-948-1656,,
KDKB,J.A.JET CENTER,815-756-3244,815-748-2072,
KJAC,JACKSON HOLE AVIATIO,307-773-4767,307-734-4671,
KIJX,JACKSONVILLE AIRPORT,217-243-5824,217-243-7954,
KVQQ,JACKSONVILLE JETPORT,904-317-6550,customersfirst@jaxjetport.aero,has crew lounge
KJVL,Janesville Jet Ctr,608-758-1037,janesvillejet@aol.com,
VHHH,Jardair,276-96553,233-33519,Contact Ringo Chui
MTCH,JCI AVIATION SERVICES,011-509-3656-2166,011-509-3702-2166,**AIRPORT CLOSES AT SUNSET**
KJEF,Jefferson City Flying Svc,573-636-5118,mail@jcfs.net,
KBPT,JEFFERSON COUNTY AIR,1-409-722-9203,1-409-722-3798,
EHAM,JET AVIATION,31-20-226-0150,amsfbo@jetaviation.com,
EHRD,JET AVIATION,31-010-2984949,rtmfbo@jetaviation.com,
KBED,JET AVIATION,800.538.0233,781-274-6573,PIP Phillips-into-Plane
KCPS,Jet Aviation,618-646-8262,cpsfbo@jetaviation.com,618-646-8000
KDAL,Jet Aviation,214-350-8523,dalfbo@jetaviation.com,
KHOU,Jet Aviation,713-358-9100,houfbo@jetaviation.com,
KPBI,JET AVIATION,561-233-7200,pbifbo@jetaviation.com,
KVNY,Jet Aviation,818-722-5102,vnyfbo@jetaviation.com,
LFSB,Jet Aviation,50-061-325-2040,,
MYCI,JET AVIATION,242-344-2006,,
OEJN,Jet Aviation,966-2-685-0400,966-2-685-0405,
OERK,Jet Aviation,966-1-221-4200,966-1-220-1927,Contact Abrasco
TFFF,JET AVIATION,011-596-596-422200,jetaviationfdf@hotmail.com,Need to request landing permit through website. See sharepoint for instructions. 
KCXY,JET CENTER,717-774-0145,717-774-3338,
YSSY,Jet Center,612-693-2855,612-669-2204,
KBKV,JET ICU,352-796-2540,ops@jeticu.com,
KTPA,JET ICU - TANK,352-796-2540,OPS@JETICU.com,
MYNN,Jet Nassau,242-377-3355,JNAS@JETAVIATIONNASSAU.COM,Call Ambu Co;  Ship at anchor - CCL has tender; Port 10 mi from airport
KFPR,JET SERVICE CENTER,772-464-6687,772-464-0299,
TNCA,JET TNCA,+297-588-2465,ops@jet-tnca.com,
KSNS,JET WEST,831-422-9400,customerservice@jetwestsns.com,
KTEB,JET-AVIATION,1-201-462-4000,tebfbo@jetaviation.com,Customs will come to FBO - Fuel is PIP
SEGU,JetHandling,593-2-225-9431,dispatch@jethandling.com,after-hours: 593-992-445405
SELT,JetHandling,593-2-225-9431,dispatch@jethandling.com,after-hours: 593-992-445405
SEMT,JetHandling,593-2-225-9431,dispatch@jethandling.com,after-hours: 593-992-445405
SEQM,JetHandling,593-2-225-9431,dispatch@jethandling.com,after-hours: 593-992-445405
SEST,JetHandling,593-2-225-9431,dispatch@jethandling.com,after-hours: 593-992-445405
CYHM,JETPORT INC.,905-679-2400,info@jetport.com,
KSUX,JETSON AVIATION,712-258-6563,712-258-7584,
KRIW,Jim's Aircraft Svc,307-856-3599,wy.aircraft@yahoo.com,
KSAN,JIMS AIR,619-298-7704,619-298-7021,
KTNU,JOHNSON AVIATION,515-792-1292,,
KOAK,KAISERAIR,800-538-2625,oak@kaiserair.com,COLT - OR VOLUME DISCOUNTS
KTOP,KANSAS AIR CENTER,785-234-2602,,
KOJC,KC AV CENTER,913-782-0530,info@kcac.com,After Hours 913-302-9129
KENW,KENOSHA JET CENTER,262-658-0030,262-658-0033,
KASH,KEYSON AIRWAYS,800-247-0102,,
KOXC,KEYSTONE AVIATION,203-264-6525,,
KGSO,KOURY AVIATION,1-336-279-7997,336-668-4434,
EDDS,KURZ AVIATION SERVICE,011-49-711-948-3482,operation@kurz-aviation-service.com,
KLRD,LABATA SERVICES,956-718-0033,956-726-0685,
KAIZ,LAKE AVIATION,573-348-5251,573-348-4714,LEE C FINE MEMORIAL
CYLS,LAKE SIMCOE REG. AP.,705-487-0999,info@lakesimcoeairport.com,
KADM,Lakeland Aviation,580-389-5000,lakeland@brightok.net,
KARV,LAKELAND AVIATION,715-356-3891,715-356-2740,$25.00 after hours fee
KLKR,LANCASTER AVIATION,803-285-1513,,
KFSD,LANDMARK,800.888.1646,605.336.8009,
KORF,LANDMARK AVIATION,800-486-4041,757-857-3409,
KCMH,LANE AVIATAION,614-237-3747,lineservice@laneaviation.com,After Hours 614-237-7290
KALN,LANGA AIR,800-624-9068,618-258-1007,
KLAW,Lawton Aviation Svcs,580-351-2900,las@flylawton.org,After Hours 580-585-2696
KLGU,Leading Edge Aviation,435-752-5955,lineservices@leaviation.com,
KSPW,LEADING EDGE AVIATION,712-262-1000,spencerairport@smunet.net,
KLXV,Leadville Airport,719-486-0307,lxv9934@co.lake.co.us,After Hours 719-427-0026
KTUL,Legacy Jet Center,918 836 0222,csr@legacytulsa.com,Tel After Hours 918 200 2299
KPRC,Legend Aviation,928-443-9333,info@legend-aviation.com,
KABE,Lehigh Valley Aviation,610-266-7343,h7desk@lnaa.com,After Hours 1 800 359 5842
KLGB,LGB AIR CENTER,562-425-8880,562-425-8838,
SBEG,LIDER AVIACAO,55-11-5090-4016,lider.ops@lideraviacao.com.br,
SBGL,LIDER AVIACAO,55-11-5090-4016,lider.ops@lideraviacao.com.br,
SBGR,LIDER AVIACAO,55-11-5090-4016,lider.ops@lideraviacao.com.br,
SBJR,LIDER AVIACAO,55-11-5090-4016,lider.ops@lideraviacao.com.br,
SBRF,LIDER AVIACAO,55-11-5090-4016,lider.ops@lideraviacao.com.br,
SBRJ,LIDER AVIACAO,55-11-5090-4016,lider.ops@lideraviacao.com.br,
SBSP,LIDER AVIACAO,55-11-5090-4016,lider.ops@lideraviacao.com.br,
TQPF,LLOYD'S AVIATION,264-498-4141,lloydsav@msn.com,
KFOK,LONG ISLAND JET CTR,877-359-2365,516-288-8424,
KLNN,LOST NATION AVIATION,440-953-2992,,
KRSN,LOUISIANA ACFT INC,318-251-9098,318-251-1749,
KLOU,Louisville Exec Aviation,502-292-4800,info@louisvilleexecutive.com,
KMCN,LOWE AVAITION,1-478-788-3941,1-478-788-2274,NIGHT #S ON DOOR
KBFL,LOYDS AVIATION SERVI,80-284-1334,805-393-0824,
LPPT,LPPT PTS,351-1-848-9011,351-1-840-2390,
EPKK,LS AIRPORT SVCS,48-12-639-37-36,kzkrk@lsas.aero,
KARR,LUMANAIR,800-522-8778,630-466-1046,
KLBT,Lumberton Municipal,910-739-6480,dewayne.allen@ci.lumberton.nc.us,
KLBL,LYDON AERO CENTER,800-659-1646,jen@lyddonaero.com,
KMMU,Lynx,973-401-1900,mmu@lynxfbo.com,
KPSF,LYON AVIATION,413-443-6700,413-499-4335,
KSQI,M & M AVIATION,815-622-3591,815-622-3592,
KCDW,MAC DAN AVIATION,888-622-3268,973-227-8339,
KSBM,MAGNUS AVIATION,920-467-6151,920-467-8611,
KAUG,MAINE INSTRUMENT,888-643-3597,207-622-7858,
MMCE,MANNY AVIATION,011-52-722-273-0981,ops@mannyaviation.com,"Major CF issues…security, dogs, trying to tax ambu equipment.  Be patient, bring $$."
MMCM,MANNY AVIATION,011-52-722-273-0981,ops@mannyaviation.com,
MMCU,MANNY AVIATION,011-52-722-273-0981,ops@mannyaviation.com,
MMCZ,MANNY AVIATION,011-52-722-273-0981,ops@mannyaviation.com,Costamed Pts-Contact hosp. for ambu $300 cash - patientservices@costamed.com.mx /855-294-2337
MMMD,MANNY AVIATION,011-52-722-273-0981,ops@mannyaviation.com,
MMMM,MANNY AVIATION,011-52-722-273-0981,ops@mannyaviation.com,
MMMY,MANNY AVIATION,011-52-722-273-0981,ops@mannyaviation.com,
MMMZ,MANNY AVIATION,011-52-722-273-0981,ops@mannyaviation.com,
MMPR,MANNY AVIATION,011-52-722-273-0981,ops@mannyaviation.com,
MMSD,MANNY AVIATION,011-52-722-273-0981,ops@mannyaviation.com,
MMSL,MANNY AVIATION,011-52-722-273-0981,ops@mannyaviation.com,
MMTO,MANNY AVIATION,011-52-722-273-0981,ops@mannyaviation.com,
MMUN,MANNY AVIATION,011-52-722-273-0981,ops@mannyaviation.com,
MMZH,MANNY AVIATION,52-722-273-0981,ops@mannyaviation.com,
MMZO,MANNY AVIATION,52-722-273-0981,ops@mannyaviation.com,
KSTS,MANNY'S SONOMA,707-528-7400,707-528-7458,
MPMG,MAPIEX INTL,507-315-0281,fbo@mapiex.com,
KISM,MARATHON,800-327-9123,,
KMTH,MARATHON JET CENTER,305-743-1995,305-743-6635,
KBBP,MARLBORO COUNTY,843-454-2303,,
KMTN,MARTIN STATE-AVITAT,410-682-8810,410-682-8822,
KATW,MAXAIR,800-833-1544,920-738-3026,$2.26 / GAL
KM91,MC CAULEY AVAITION,615-384-4181,615-384-7560,
KYKM,MCCORMICK AIR CENTER,509-248-1680,theresa@mccormickaircenter.com,
KMFE,MCCREEY AVIATION,800-999-6195,956-686-3221,
KCAK,MCKINLEY AIR,(800) 225-6446,csr@mckinleyair.com,After Hours 330-499-3316
TJPS,Mecedita Flt.,787-842-5903,0,Contact Jose
KBUR,MEDIA AVIATION,818-843-8311,,
KMEZ,MENA AIR CENTER,479-394-5800,479-394-4077,
KBLF,MERCER COUNTY,304-327-8440,,
KFAT,MERCURY AIR CENTER,559-454-7501,559-456-8919,
KJAN,MERCURY AIR CENTER,601-939-9366,601-932-0519,
KONT,MERCURY AIR CENTER,909-390-2370,909-790-4508,FUELING 24HRS
OKBK,MERCURY AIR GROUP,965-4379016,965-4379127,
KFAY,METRO AIR,910-433-1754,910-484-4577,Call Tower after hours
KCEF,METRO AIR SERVICE,413-593-5543,sales@westoverairport.com,
KPTK,Michigan Aviation,248-666-3440,michiganaviation@aol.com,
KACY,MID ATLANTIC,609-383-3993,609-383-0051,
KMBS,MID MICH AIRCRAFT,517-695-2554,517-695-5010,
KLWV,MID-AMERICA AIR,618-943-5733,618-943-7508,
KAAO,Midwest Aviation,316-636-9700,customerservice@midwestaviation.com,After Hours 316-215-4219
KMWA,Midwest Aviation,618-993-2764,frontdeskmwa@midwestaviation.net,
KPAH,MIDWEST AVIATION SER,270-744-8600,midwestaviation@midwestaviation.net,After Hours 270-519-7507
KSGF,Midwest Premier SGF,417-868-0590,ga@flyspringfield.com,
CYVR,MILLION AIR,800.306.6688,info.cyvr@millionair.com,
KALB,MILLION AIR,1-518-242-2444,1-518-242-2488  - info.alb@millionair.com,
KFOE,MILLION AIR,785-862-0950,785-862-9215,pre arrange after hours
KGPT,MILLION AIR,228-701-0400,info.gpt@millionair.com,
KSYR,MILLION AIR,1-315-937-5770,1-315-937-5777,
KTLH,MILLION AIR,1-850-547-5671,info.tlh@millionair.com,
KTUS,Million Air,520-445-6300,tus-csr@millionair.com,After Hours: 520-904-7175
KPSP,MILLIONAIR,(760)320-7704,(760) 322-4586,
KRIC,MILLIONAIR,800-962-5262,804-222-4044,UV-Air  --  $2.20
KRME,MILLIONAIRE,315-736-9404,315-736-3911,
MSLP,MILTAIR AVIATION,011-503-2296-2506,elsalvadorfbo@miltair.com,cell: 503-7987-5312/954-830-6382
KMOT,MINOT INTERNATIONAL,701-857-4738,,
KDTS,MIRACLE STRIP,850-837-6135,850-654-0618,
KJLN,MIZZOU,417-623-1331,wayne@mizzouaviation.com,
TJIG,Modern Air,787-289-2021,CSR.TJIG@modern-aviation.com,closest to port/easier customs for tech
KBFI,MODERN AVIATION,1-206-762-6000,BFI@modern-aviation.com,
KILM,MODERN AVIATION,910-763-0146,ilm@modern-aviation.com,
KBLM,Monmouth Jet Ctr,732-751-0044,fuel@kblm.com,
KMRY,MONTEREY JET CENTER,888.679.2992,813.373.0190,
KGAI,MONTGOMERY,301-977-5200,301-977-3552,
KMGM,MONTGOMERY AVITAT,334-288-7334,334-288-7337,
KEHA,MORTON COUNTY AIRPOR,620-697-4624,,NO AV-FUEL
KHIE,MOUNT WASHINGTON AIR,603-837-3103,,
LFML,MPS,33-442-142-673,0,Contact Martin Heany
KMTJ,MTJ  AIR SERVICES,800-833-7099,970-249-9303,
EGNM,MULTIFLIGHT,44-0113-238-7140,contactus@multiflight.com,after hours 44-0113-238-7169
KMIE,MUNCIE AVIATION COMPANY,765-254-8004,santhony@muncieaviation.com,They Do Not Have Contract Fuel - Credit Card Only
SAWH,Munser ,54-11-45751070,54-11-44800744,www.universalaviation.aero
CYQA,MUSKOKA AIRPORT,705-687-2194,airport@muskoka.on.ca,
KPIR,Mustang Aviation,605-224-9000,info@mustangaviation.aero,
KMYR,MYRTLE BEACH AV,800-474-5697,,PHX FUEL  500+
CYDF,NALAIR,709-635-2481,nalair@nalair.ca,
KACK,NANTUCKET AIRPORT,1-508-325-5307,1508-325-5306,
KAPF,NAPLES AIRPORT AUTH.,239.643.0404,239.643.1791,CALL SECURITY AFTER HRS 239-860-3122
KTOL,NATIONAL FLIGHT,419-866-2995,mailbox@nationalflight.com,4a-12a 7 days
KCCR,NAVAJO AVIATION,925-685-1150,925-685-0238,
U14,Nephi Jet Center,435-610-1057,nephimunicipalairport@gmail.com,Updated 01/29/2020 **Grounds $2000+; Confirm gate code for ambu 2142#
KN57,NEW GARDEN AVIATION,610-268-2048,610-268-0342,
KPSK,NEW RIVER VALLEY,540-674-4141,540-674-4780,
KISP,NEW YORK JET,631-588-4800,631-588-5799,Avfuel
KALO,NIEDERHAUSER,319-234-1783,319-234-7763,pre arrange after hours
KDCU,North Alabama Aviation,256-355-5770,northalaviationfbo@gmail.com,After Hours 256-274-7724
KBNG,NORTH AMERICAN JET,909-849-1776,909-849-8222,
KPWK,NORTH AMERICAN JET,888.359.6244,847.325.1189,
KBVY,North Atlantic Air,978 774 2070,978-921-9433,john@northatlanticair.com
KERI,NORTH COAST AIR,814-836-9220,814-836-9901,
KDLH,NORTH COUNTRY AVIATI,1-218-727-2911,218-727-6937,
KMCW,North Iowa Air Svcs,641-424-9366,info@northiowaair.com,After Hours 641-430-9898
KPNE,NORTH PHIL JET CENTER,215-673-9000,sales@npjetcenter.com,
KMSO,North Star Jet,406-721-8886,info@northstarmso.com,
KPWM,NORTHEAST AIRMOTIVE,207-774-6318,207-874-4714,AMEX
KGRR,NORTHERN AIR,616-336-4700,616-336-4709,
CYSB,NORTHERN AVIATION,705-693-2972,northern.aviation@sympatico.ca,
KPVD,NORTHSTAR AVIATION,401-738-2600,401-739-9996,
KTVL,OASIS AVIATION,530-541-2110,530-541-8695,
KMJX,OCEAN AIRE,732-797-1077,,
KCEU,OCONEE COUNTY REGIONAL AIRPORT,1-864-882-2959 - Fax # 1.864-888-4803,_aeronautics@oconeesc.com,
MYEF,ODYSSEY AVIATION,242-345-0309,info.myef@odysseyaviation.com,
MYEM,ODYSSEY AVIATION,1-242-334-2670,info.myem@odysseyaviation.com,1-242-334-2670 or 1.242.557-0227
MYER,ODYSSEY AVIATION,O: 242-334-2670/C: 242-557-0227,frontdeskeleuthera@odysseyaviation.com; info.myer@odysseyaviation.com,FBO arranges grounds.  Always extra fee for island nurse to accompany.  They need dx.  Handling at least $3500+
SPIM,OGDEN AVIATION SERVI,51-1-810-2014,51-1-574-0204,
KOGS,OGDONSBURG AVATION,315-393-4721,NO FAX,
KOSU,OHIO STATE AVIATION,614-292-5580,614-292-5070,
KHLG,OHIO. CTR,304-277-3499,,
KOBE,OKEECHOBEE JET CENT,863-467-5888,,
KORE,ORANGE MUNICIPAL,978-544-8189,,
KOGB,ORANGEBURG AIRPORT,1-803-534-5545,1-803-533-5928,
KMBL,Orchard Beach Aviation,231-723-8095,orchardbeachaviation@gmail.com,
KPHN,ORZEL AVIATION,810-364-4187,810-364-6634,
KEAR,OTIS AIR SERVICE,316-516-0176,316-684-1953,Phillips into Plane
KGLR,OTSEGO CNTY AIRPORT,517-732-4218,517-732-3825,
KOTM,OTTUMWA FLYING SVC,515-682-8044,515-684-8336,
KBPK,OZARK REG FLT SVC,1870-481-5995,1-870-481-5967,
KCIC,PACIFIC FLIGHT,530-893-6727,530-893-6740,
KMFR,PACIFIC FLIGHTS,541-779-5445,541-772-2759,On call 24 hours
KFMY,PAGE FIELD AV CENTER,800-545-5387,239-936-0933,
KPSN,PALESTINE AVIATION,903-723-0111,None,
KPSM,PAN-AM,800-424-0350,603-427-0324,
KSAC,PATTERSON AVIATION,916-428-8292,916-428-3032,
KCHO,PEIDMONT AVIATION SE,804-978-1474,804-978-4733,
KPLN,PELLSTON REG AIRPORT,231-539-8442,231-539-0936,
KPDT,PENDLETON AVIATION,541.276.3313,541.276.3373,
KUNV,Penn State Aviation Ctr,814-865-4042,bqr3@psu.edu,
KRKD,PENOBSCOT AIR,800-780-6071,207-594-8329,answering service for after hours
KPNS,Pensacola Aviation Center,850-434-0636,csr@pensacolaaviation.com,
KPXE,Perry Houston County,478-987-3713,pxefbo@gmail.com,
KBKX,Pheasant's Fury,605-692-2779,pheasantsfury@gmail.com,
KBVO,PHILLIPS AVAITION,918-661-3121,michael.s.richardson@cop.com,
KVPC,PHOENIX AIR,770-387-2000,770-387-4545,
KOSC,Phoenix Flight Svcs,989-739-8486,fbooperations@phoenix-mi.com,
KJZP,PICKENS COUNTY,706-253-8830,,
KINT,PIEDMONT HAWTHORNE,336-776-6060,336-776-6061,
KJYO,PIEDMONT HAWTHORNE,800-336-0219,,
KROA,PIEDMONT HAWTHORNE,540-563-4401,540-362-5453,
KTOI,PIKE AVIATION,334-566-3470,,
KOGA,PIONEER AVIATION,308-284-4644,308-284-9950,BRAND NEW RUNWAY=5100 FT
KPIH,POCATELLO AVCENTER,208-234-2141,,
KPNC,Ponca City,580-767-0429,nuzumdl@poncacityok.gov,
CYPD,PORT HAWKESBURY AIRP,902-625-2206,hello@celticairservices.com,
KVPZ,PORTER CO. AIRPORT,800-462-6508,219-462-2913,
KFLO,POWERS AVIATION,843.667.9627,,
TBPB,Private Aircraft Svcs,246-420-2833,pasbb@caribsurf.com,updated 1/24/2020
KRSW,PrivateSky,239-225-6100,customer.service@privatesky.net,
KHKY,PROFILE AVIATION,828-322-6044,828-322-8904,
MBGT,Provo Air Center,649-339-4101,concierge@provoaircenter.com,Grand Turk Port Agent: Rostand Malcom @ Grand Turk Cruise Center PO Box 77 Grand Turk;Phone: 1-649-946-1040; Fax: 1-649-946-1041; CELL: 1-649-232-7632; CELL: 1-649-332-1450 Email: agent@grandturkcc.com
MBPV,Provo Air Center,649-339-4101,concierge@provoaircenter.com,
MBSC,Provo Air Center,649-339-4101,concierge@provoaircenter.com,No Lights
KCID,PSAIR,319-846-3600,319-846-3605,
KLAF,Purdue Aviation,765-743-9692,jpittard@purdueaviationllc.com,
KRAC,RACINE COMM.AIRPORT,262-631-5620,262-833-9999,
KBKW,RALEIGH COUNTY AIRPO,1-304-255-0476,304-253-3095,
KTTA,Raleigh Exec Jetport,919-776-2939,info@raleighexec.com,After Hours: 919-708-3065
KCRE,RAMP 66,800-433-8918,843-272-5822,AFTER 1OPM USE BEEPER
KORH,RECTRIX,508-755-5870,orhmail@rectrix.aero,AIRPORT SECURITY AT NIGHT 508-799-1348  ORH
KTDF,RED MOUNTAIN AVITION,336-364-1111,336-364-2224,
KTWF,REEDER FLYING SERVIC,208-733-5920,208-733-4483,
KSTP,REGENT AVIATION,800-523-7583,651-224-1982,
KBYH,REGIONAL AIRPORT AUT,870-532-5628,870-532-5616,
KCOE,Resort Aviation,208-772-3731,ras@resortaviationjet.com,
KXNA,Rgnl Jet Center,479-205-1100,info@rjcfuel.com,
KGFL,Rich Air,518-798-3091,dispatch@flyrichair.com,
KMFD,RICHLAND AVIATION,419-524-4261,,
KPHF,RICK AVIATION,(757) 8745727,757-874-7074,
KRIL,RIFLE JET CENTER,877-358-3378,970-625-4848,Phillips
KCLM,RITE BROS AVIATION,360-452-6226,info@ritebros.com,Customs Landing Rights
KRAL,RIVERSIDE AIR SERVIC,909-689-1160,909-689-1380,Must prearrange after hours fueling
KHVN,ROBINSON AVAITION,203-467-9555,203-467-6346,
KPUB,ROCKY MOUNTAIN FBO,800-645-3987,719-948-4181,
KVIH,ROLLA NATIONAL,573-299-4498,,
KTTN,RONSON AVIATION,609-771-9500,609-771-0885,
SYCJ,RORAIMA AIRWAYS,592-2-259647,592-2-612249,Ken or Mitra
KHPN,ROSS AVIATION,814-761-3000,hpn@rossaviation.com,
KDTN,ROYAL AIR,318-459-9000,,
KSEE,ROYAL JET,619-448-4200,619-448-0100,
KRMG,RUSSELL AIRPORT,706-295-7835,706-234-8076,Call 911 after hours to notify airport
KRUT,RUTLAND AVIATION,802-773-3348,802-775-5696,
MMAS,S E A T,011-52-49167319,avillagran@seat.com.mx,
LIMP,S.O.G.E.A.P. SPA,39-052-1951504,39-052-1992028,
GVAC,SAFE PORT,238-2-413494,sal@safeport.aero,
KOLM,Safety in Motion,360-754-4043,shawn@safetyinmotion.aero,
KSAD,SAFFORD AVIATION,928-428-7670,,
KSUZ,Saline County Rgnl,501-672-9809,airport@salinecounty.org,
KJKA,Salt Air Aviation,251-948-0444,info@saltairaviation.com,
KOXR,SAM'S AIR SERVICE,800-575-7271,805-984-9745,$50.00 call out fee
CYXE,SASKATOON SHELL AEROCENTRE,306-931-8552,csr.yxe@yxeaero.ca,
LPAZ,SATA Air Azores,351-296-820182; 351-917-950-643,smaklsp@sata.pt; smakl01@sata.pt,Jorge Camara - Handling manager
KMSS,SEAWAY VALLEY AVAITI,315-769-7605,,
MDCY,SERVAIR,809-586-0256,ataveras@servair.com.do; ops@jcservair.com; pcruz@servair.com.do,Cell: 809-747-6195
MDJB,SERVAIR,809-826-4073,jbq@servair.com.do; lcuesta@servair.com.do; teresa@jcservair.com; ops@jcservair.com; pcruz@servair.com.do,Cell: 809-747-6184 / 809-747-8525
MDLR,SERVAIR,809-813-9347,fbolrm@servair.com.do; ops@jcservair.com; pcruz@servair.com.do,Cell: Carlos Santana at 1-809-747-2558 - 1.809-747-6174
MDPC,SERVAIR,1-809-959-4293,jteran@servair.com.do; ops@jcservair.com; pcruz@servair.com.do,Jorge Cell: 809-747-6180
MDPP,SERVAIR,809-586-0256; CELL 809-747-6195,fbopop@servair.com.do; ataveras@servair.com.do; ops@jcservair.com; pcruz@servair.com.do,FBO After Hours: 809-706-9603; Port Agent: Kelvin Polanco 809-754-9389 kpolanco@navierasbr.com www.navierasbr.com
MDSD,SERVAIR,809-549-1502,fbo@servair.com.do; ops@jcservair.com; pcruz@servair.com.do,Cell: 809-747-6255
MDST,SERVAIR,809-233-8180,fbosti@servair.com.do; lbencosme@servair.com.do; ops@jcservair.com; pcruz@servair.com.do,Cell: 809-747-8104
LEGR,Servicair,34-58-245245,,
EDDH,SERVICE PEOPLE,011-49-405-93333,ops@service-people.de,
SAEZ,Servicios Aeros,541-313-1378,,Contact: Adolfo Martines
KCNW,SERVION,254-799-5513,servionwaco@aol.com,
LEMG,SERVISAIR,-2048805,-2048804,
LPPD,SERVISAIR,351-296-205469,351-296-205468,
LEZL,SEVILLA AVIATION,011-34-5-425-2228,011-34-5-452-6748,
CYOW,SHELL AERO CENTER,613-736-5959,csr.ottawa@innotech-execaire.com,
CYUL,SHELL AEROCENTRE,514-636-5870,shell.aerocentre@innotech-execaire.com,
CYYJ,SHELL AEROCENTRE,250-655-8833,csr@yyjfbo.com,
KJAX,SHELTAIR,904-741-0904,info-jax@sheltairaviation.com,
KLAL,Sheltair,863-647-3911,Info-LAL@sheltairaviation.com,
KORL,SHELTAIR,407-392-0440,Info-ORL@sheltairaviation.com,
KPBG,SHELTAIR,518-324-4300,518-324-5560,
KPFN,SHELTAIR,850-785-4325,850-872-8684,
KPIE,SHELTAIR,727-530-3453,Info-PIE@sheltairaviation.com,
KOCF,Sheltair Aviation,352-237-3444/352-861-1464,info-ocf@sheltairaviation.com,FBO 6am-9pm; Tower closes t 9pm; Runway is open 24 hours
KECP,SHELTAIR AVIATION SERVICES,1-850-233-4717,1-850-236-6499,After Hours Contact 1-850-630-9748
KFLL,SHELTAIR/AVFUEL ONLY,1-954-359-3200,Info-FLL@sheltairaviation.com,
KSHD,SHENANDOAH AVITAT,540-234-8304,540-234-8538,
KSOW,Show Low Rgnl,928-532-4190,tbahr@showlowaz.gov,After Hours: 928-537-4365
KRNO,SIERRA AIR CENTER,775-856-8900,775-856-8901,
EGBB,SIGNATURE,44-121-782-1999,BHX@signatureflight.co.uk,
EGNX,SIGNATURE,44-1332-811-179,EMA@signatureflight.co.uk,
EGPF,SIGNATURE,44-1418-878348,GLA@signatureflight.co.uk,
EGPH,SIGNATURE,44-0131-317-7447,EDI@signatureflight.co.uk,
EIDW,SIGNATURE,353-844-6144,dub@signatureflight.ie,
EINN,SIGNATURE,353-1-8446144,snn@signatureflight.ie,
KAVL,Signature,828-687-7110,828-687-7120,
KBOS,SIGNATURE,617-569-5260,bos@signatureflight.com,
KBUF,SIGNATURE,1-716-633-1000,1-716-633-1543,
KBWI,SIGNATURE,410-859-8393,410-850-9042,
KDEN,SIGNATURE,888-858-5501,303-342-5903,
KDTW,SIGNATURE,734-941-7880,734-941-5178,
KEWR,SIGNATURE,973-624-1660,973-624-0320,
KEYW,SIGNATURE,1-305-296-5422,1-305-296-4141  eyw@signatureflight.com,
KGEG,SIGNATURE,509-455-5204,geg@signatureflight.com,Customs POE
KHXD,SIGNATURE,1-843-689-3200,hxd@signatureflight.com,
KLGA,SIGNATURE,718-476-5200,718-476-5239,
KSEA,SIGNATURE,206-433-5481,sea@signatureflight.com,
KSFO,SIGNATURE,650-877-6800,sfo@signatureflight.com,
LFPB,SIGNATURE,1-4169-1000,,
LGAV,SIGNATURE,011-30-210-353-6644,011-30-210-353-2407,
LGIR,SIGNATURE,30-2810-332650,30-2810-283163,
TKPK,SIGNATURE,1-869-662-9515,skb@signatureaviation.com ,Hours: 06:00-21:00 (O/T on rqst) FBO has a $500.00 Per Hour Fee for after hours/If approved by the local authorities - Chantel De-Suza-Manager Mobile # 1-869-766-9407
KMHT,Signature ,603-782-0151,MHT@signatureflight.com,Must call during business Hrs to make night arrang
KMKE,SIGNATURE AVAITION,414-747-5100,414-747-4588,
KBKL,Signature Aviation,216-861-2030,bkl@signatureflight.com,
KDCA,SIGNATURE AVIATION,703.417.3500,703.417.3501,
KLIT,Signature Aviation,501-374-6582,501-907-8969,Hours of Operation are 24-7
KMQS,SIGNATURE AVIATION,1-610-384-9000,1-610-384-7083,
KRST,SIGNATURE AVIATION,507-282-1717,507-282-9939,
KSAT,SIGNATURE AVIATION,800-456-3587,210-824-7222,
TIST,Signature Aviation,1-877-894-1810,STT@SignatureFlight.com,FBO CANNOT arrange grounds.  Must contact DOH w/ at least 3 hours notice
TUPJ,Signature Aviation,1-284-495-0303,eisops@iamjetcentre.com,
EGHI,SIGNATURE FBO,011-4423-8061-6600,SOU@signatureflight.co.uk,
KDET,SIGNATURE FLIGHT SUP,313-527-6620,313567-7799,
KHSV,SIGNATURE FLIGHT SUP,256-772-9341,256-772-9415,OPS-PLEASE CALL CUSTOMS AT 1.256.772.3404 AND INFORM THEM THAT WE HAVE NO TRASH ON BOARD THE AIRCRAFT - OTHERWISE WE WILL BE REQUIRED TO PAY $175.00
KMSP,SIGNATURE FLIGHT SUP,612-726-5700,612-726-5032,
KORD,SIGNATURE FLIGHT SUP,773-686-7000,ord@signatureflight.com,
TNCM,SIGNATURE FLIGHT SUP,407-563-1892,sxm@signatureflight.com,Hours: 0700-2100L (O/T on rqst)
EGCC,SIGNATURE FLIGHT SUPPORT,011-44-161-436-6666,man@signatureflight.co.uk,
EGKB,SIGNATURE FLIGHT SUPPORT,011-44-1959-577-027,BQH@signatureflight.co.uk,
EGKK,SIGNATURE FLIGHT SUPPORT,011-44-1293-569-000,LGW@signatureflight.co.uk,
EGLL,SIGNATURE FLIGHT SUPPORT,011-44-0208-283-2500,LHR@signatureflight.co.uk,
KMIA,Signature Flight Support,305-874-1477,miafbo@signatureflight.com,
KSTL,SIGNATURE FLIGHT SUPPORT,1-314-731-7111,STL@signatureflight.com,
MPTO,SIGNATURE FLIGHT SUPPORT,011-507-380-4000,joshua.schattka@signatureflight.com,
TAPA,Signature Flight Support,1-268-462-2522 or 407-235-9018,ANU@signatureflight.com,"Avfuel-Choose IAM when rqstg fuel release!! For all (MEDICAVS) please contact CMO prior to arrival.
Ena.hengry@ab.gov.ag – ministry of foreign affairs 
Ronda.cealey-thomas@ab.gov.ag – CMO- 764-5074"
EGFF,SIGNATURE FLT SUPP,011-44-1446-712637,cwl@signatureflight.co.uk,
KSAV,SIGNATURE FSO,912-964-1557,912-964-7321,
KFRG,Signature-Republic Aviation,631-881-9520,FBO@republicjetcenter.com,
EGGW,SIGNATURE-Terminal 1,44-1582-724182,LTN@signatureflight.co.uk,
KLCI,Sky Bright,603-528-6818,line@skybright.com,
KCYS,SKY HARBOR AIR SVC,307-634-4417,617-635-7316,
LIRF,SKY SERVICES,39-081-552-2421,ops@skyservices.it,AIRPORT 24/7
SAME,SKY SUPPORT,5411-4991-8843,,
KMOD,SKY TREK,800-237-3723,209-525-8677,
LPPR,SKY VALET,+011-351-22-097-5399,lppr@jetbase.biz,
KSJT,SKYLINE AVIATION,325-944-8858,flyskyline@hotmail.com,
KJXN,SKYWAYS,888-875-9929,517-787-0299,
KBTA,SkyWerx,402-533-2247,yolanda@skywerxaviation.com,
KMEV,SOAR MINDEN,800.345.7627,775.782.6505,
BIKF,SOUTH AIR ICELAND,011-354-425-5520,ops@southair.is,
KHBG,SOUTHEAST AVIATION,601-544-8661,601-545-1228,
KSEM,Southeastern Aviation,334-875-2189,dustin.southeasternaviation@gmail.com,
KACJ,Souther Field,229-924-2813,frankie@southerfield.com,
KSFM,Southern Maine,207-324-8919,fly@flyingsma.com,After Hours: 207-651-9308
KLRU,SOUTHWEST AVIATION,505-524-8047,southwestaviation.fbo@gmail.com,
MYIG,SOVEREIGN ATLANTIC (Sue),242-332-1984 or 242-805-0505, handling@saa-bs.com (Sue) or operations@saa-bs.com,Call her after email
MYLD,SOVEREIGN ATLANTIC (Sue),242-332-1984 or 242-805-0505, handling@saa-bs.com (Sue) or operations@saa-bs.com,Call her after email
MYLS,SOVEREIGN ATLANTIC (Sue),242-332-1984 or 242-805-0505, handling@saa-bs.com (Sue) or operations@saa-bs.com,Call her after email
MYMM,SOVEREIGN ATLANTIC (Sue),242-332-1984 or 242-805-0505, handling@saa-bs.com (Sue) or operations@saa-bs.com,Call her after email
MYSM,SOVEREIGN ATLANTIC (Sue),242-332-1984 or 242-805-0505,handling@saa-bs.com; operations@saa-bs.com,AIRPORT CLOSED DUSK-DAWN!
MYAB,SOVERIGN ATLANTIC (Sue),242-332-1984 or 242-805-0505, handling@saa-bs.com (Sue) or operations@saa-bs.com,
MYAF,SOVERIGN ATLANTIC (Sue),242-332-1984 or 242-805-0505, handling@saa-bs.com (Sue) or operations@saa-bs.com,
MYAK,SOVERIGN ATLANTIC (Sue),242-332-1984 or 242-805-0505, handling@saa-bs.com (Sue) or operations@saa-bs.com,
MYAP,SOVERIGN ATLANTIC (Sue),242-332-1984 or 242-805-0505, handling@saa-bs.com (Sue) or operations@saa-bs.com,
MYAT,SOVERIGN ATLANTIC (Sue),242-332-1984 or 242-805-0505, handling@saa-bs.com (Sue) or operations@saa-bs.com,
MYAX,SOVERIGN ATLANTIC (Sue),242-332-1984 or 242-805-0505, handling@saa-bs.com (Sue) or operations@saa-bs.com,
MYBC,SOVERIGN ATLANTIC (Sue),242-332-1984 or 242-805-0505, handling@saa-bs.com (Sue) or operations@saa-bs.com,
MYBS,SOVERIGN ATLANTIC (Sue),242-332-1984 or 242-805-0505, handling@saa-bs.com (Sue) or operations@saa-bs.com,
MYCA,SOVERIGN ATLANTIC (Sue),242-332-1984 or 242-805-0505, handling@saa-bs.com (Sue) or operations@saa-bs.com,
MYCB,SOVERIGN ATLANTIC (Sue),242-332-1984 or 242-805-0505, handling@saa-bs.com (Sue) or operations@saa-bs.com,
MYCH,SOVERIGN ATLANTIC (Sue),242-332-1984 or 242-805-0505, handling@saa-bs.com (Sue) or operations@saa-bs.com,
MYEN,SOVERIGN ATLANTIC (Sue),242-332-1984 or 242-805-0505, handling@saa-bs.com (Sue) or operations@saa-bs.com,
KHDN,SPECTRUM JET CENTER,970-276-3743,,
KMRN,SPEEDBIRD AVIATION,828.757.0099,828.758.8231,
KHQU,Spirit Aviation,706-595-1300,info@spirit-aviation.com,
KMWC,Spring City Aviation,414-461-3222,gavin@springcityaviation.com,
KASG,SPRINGDALE AIR SVC,501-751-4462,501-751-2646,
KMDT,STAMBAUGHS AIR,717-944-1787,717-944-0791,
KSFB,STARPORT,407-321-8880,407-330-4209,
KTBR,Statesboro-Bulloch Cty,912-734-9083,info@statesboroairport.com,
KSPI,STELLAR AVIATION,217-523-5080,spifbo@stellaraviationgroup.com,
CYPQ,STEWART AVIATION,705-745-8626, operations@stewartaviation.ca,
KSWO,STILLWATER FLT. CTR.,405-624-5463,info@stillwaterflightcenter.com,
UUEE,Streamline,+7-495-984-4154,+7-499-241-4214,ops@stln.aero
KGGG,STUBBINST AVIATION,888-643-0903,903-643-0941,
KSGR,SUGARLAND AVAITON,281-275-2400,281-275-2404,
SUMU,Sumu Pike,800-231-5600,,Universal
KVRB,SUN AVIATION,800-580-7631,,
KLEE,SUNAIR AVIATION,352-787-2211,sunair@sunairaviation.com,
ENGM,SUNDT AIR EXEC HDLG,47-648-20200,handling@sundtair.com,
CYXH,SUPER T AVIATION SVCS,403-548-6636,tsuper@supertaviation.ca,AFTER HOURS 403-928-7133
KLAN,SUPERIOR AVIATION,1800-882-7751,517-321-9674,
KSMO,SUPERMARINE AVITAT,310-396-6770,310-396-3611,
LESA,SWISSPORT,34-667-544-953,SLM.OPS@swissport.com,
KHZD,SWOR AVIATION,901-352-7278,,
KAMA,TAC AIR,800-657-7142,amafbo@tacair.com,
KFSM,TAC AIR,479-646-1611,fsmfbo@tacair.com,
KGMU,TAC AIR,800-388-9380,864-370-2939,
KLEX,TAC AIR,859-255-7724,lexfbo@tacair.com,
KOMA,TAC AIR,800-227-9839,omafbo@tacair.com,
KPVU,Tac Air,801-356-3535,pvufbo@tacair.com,
KSHV,TAC AIR,318-636-1000,shvfbo@tacair.com,
KSLC,Tac Air,801-359-2085,slcinfo@tacair.com,
KSUS,Tac Air,636-532-8882,susfbo@tacair.com,
KTXK,TAC AIR,870-773-6969,txkfbo@tacair.com,
KBDL,TAC-AIR,860-627-3300,860-623-0295,
KTYS,TACAIR,865-970-9000,tysfbo@tacair.com,
SPTN,Tacna Corpac,51-54-844-503,,Hotel Tacna Gran Hotel 51-54-724-193
KTIW,TACOMA NARROWS AVIATION,253-853-7742,reservations@narrowsaviation.com,
KASN,TALLADEGA MUNI,256 761 4815,256 761 4817,
KOAJ,TAR HEEL AVIATION,910-324-2500,910-324-3323,
KITH,TAUGHANNOCK AVIATION,800-876-1551,607-257-3940,
KTAZ,Taylorville Air Service,217-824-9313,,
KAVP,TECH AVIATION,570-457-3400,717-451-0952,
KIAG,TECH AVIATION,716-298-9307,716-298-0148,
MHLC,TECNOLOGIAS UNIDAS,+504 2442-1070,opsmhlc@tecnologias-unidas.com,They can arrange grounds
MHLM,TECNOLOGIAS UNIDAS,+504-2668-3146/47,opsmhlm@tecnologias-unidas.com,They can arrange grounds
MHTG,TECNOLOGIAS UNIDAS,+504-233-4608,opsmhtg@tecnologias-unidas.com,They can arrange grounds
MHRO,TECNOLOGIAS UNIDAS ($400.00 Cash For Ambulance-Per Carlos),504-2480-5431/504 2445-2572,opsmhro@tecnologias-unidas.com,
KWVL,TELFORD,1-207-872-5555,,
KTEX,TELLURIDE AIRPORT,970-728-5051,970-728-4115,NO NIGHT OPERATIONS
KHUF,TERRE HAUTE AIR CENT,812-877-7600,812-877-7501,
KACT,TEXAS AERO,254-752-9731,254-752-6647,
KILE,TEXAS AERO,254-953-3274,254-953-3294,
KDTO,TEXAS AIR CENTER,940-898-1200,940-383-8117,
KFTW,TEXAS JET,817-624-8438,customerservice@texasjet.com,
KBDR,THREE WING FLYING SE,203-375-5795,203-377-8067,PIP Phillips-into-Plane
KTIX,TICO EXECUTIVE AV.,800-559-5437,,
KOLS,Tiffin Aviation Svcs,520-287-9120,info@tiffinaviation.com,customs will come to FBO
KGJT,TIMBERLINE AVAITION,800-237-1810,970-256-9493,ANSWERING SERVICE AFTER HRS ON WKENDS
KGRB,TITLETOWN JET CENTRE,920-494-2669,920-494-0950,
KTOC,TOCCOA AVIATION,706-886-1320,,prearrange after hours
KHDC,TOP GUN AVIATION,985-542-0719,csrtopgun@gmail.com; chadtopgun@gmail.com,
KTOR,TORRINGTON AV,307-532-2551,,
KAUS,TRAJEN FLT SUPPOR,800.727.2376,512-530-7002,
KMHR,TRAJEN FLT SUPPORT,916-368-1455,,
LFRS,Transport Aerien,33-240-848-283,,Contact Fabrice Papillion
KSPB,TRANSWESTERN AV,503-543-3121,,
KGRI,Trego Dugan Aviation,308-382-5788,customerservice@trego-dugan.com,
KLBF,TREGO/DUGAN,308-532-5864,lbf.customer@trego-dugan.com,
KBCR,TRI COUNTY AIRPORT AUTHORITY,850-547-6519,manager@kbcr.gov,FBO IS SELF SERVE/ LOBBY WILL BE OPEN IF NOONE IS THERE
KEVV,TRI STATE ARO,812-426-1221,bballard@tristateaero.com,
KTRI,TRI-CITY AVIATION,423-325-6261,mail@tricityaviation.com,
CYRQ,TROIS-RIVIERES AIRPORT,819-244-0699,cyrq@v3r.net,
KLGC,TROUP AIR,706-884-2121,,
KBIV,TULIP CITY AIR,616-392-7831,frontdesk@tulipcityair.com,
KNQA,Tulsair Beechcraft,901-873-4144,kowens@tulsairmemphis.com,After Hours 901-626-5921
KTYR,TYLER JET,903-597-1334,903-592-2561,
LIML,UNIVERSAL,011-39-02-70200424,,
EGSS,UNIVERSAL AVIATION,44-1279-680349,uk@universalaviation.aero,
HAAB,Universal Aviation,251 947 460682/251 91 937 4303,ethiopia-addis-ababa-haab@universalaviation.aero,Mobile: 251 911 796399
LEPA,UNIVERSAL AVIATION,011-390-270-200-424,,
SPZO,UNIVERSAL AVIATION,011.51.984.621.452-Norka or 011.51.998.441.361-Liliana or 011.51.932.728.820-Diana or 011.51.995.902.778-Lucila,dispatch@suafbo.com or sua-dispatch@hotmail.com,Very slow in Response Time / Use all #'s to make contact if necessary.
SVMC,UNIVERSAL AVIATION,1-713-944-1622,1-713-943-4650,
SVMI,UNIVERSAL AVIATION,58-212-3552241,58-212-3552514,
SVPR,UNIVERSAL AVIATION,58-212-3552241,58-212-3552514,
SVVA,UNIVERSAL AVIATION,58-416-6813092,58-212-3552514,
UHPP,UNIVERSAL AVIATION,011 7421 227 4614,011 7421 227 4614,
VABB,UNIVERSAL AVIATION,91-11-43581396,91-11-43581399,
VILK,UNIVERSAL AVIATION,91143581396,91143581399,
MRLB,Universal/ADS,011-506-2430-4786,costarica@universalaviation.aero,Ops Mgr: Jonathan 506-8848-5766
MROC,Universal/ADS,011-506-2430-4786,costarica@universalaviation.aero,Ops Mgr: Jonathan 506-8848-5766
MMMX,Universal/Orange Team,1-713-378-2734,cmorange@univ-wea.com,
KGNV,UNIVERSITY AIR CTR.,352-335-4681,csr@universityaircenter.com,
KROC,US AIRPORTS,585-527-6835,585-527-6837,
KPQL,US AVIATION,228-474-1000,228-475-0999,
KEGE,VAIL VALLEY JET CENT,970-524-7700,970-524-7746,"High Altitude, Mountianous Terrain"
KPWA,Valair,405-709-1550,customerservice@valairaviation.com,
KVLD,Valdosta Flying Svc,229-242-3175,valdostaflying@bellsouth.net,
KBFF,VALLEY AIRWAYS,308-635-1331,valleyairways@valleyairways.com,
KLBE,Vee Neal Aviation,724-539-4533,dwarmitage@veeneal.com,
LIPZ,Venice Aviation,39-41-260-6906,0,
KVNC,VENICE JET CENTER,941-485-1799,941-485-1699,
KMPV,VERMONT FLYING SERVI,802-223-2221,,
LOWW,Vienna Aircraft Services,43-1-7007-2204,43-1-7007-2464,
TVSA,Vincy Aviation,784-456-5500,fbo@vincyaviation.com,FBO OT fees: $100/hr after 10pm; $50/hr 6pm-10pm
KEVB,VINTAGE PROPS & JETS,904-428-0857,904-428-0857,
KVIS,VISALIA MUNI AIRPORT,559-713-4642,,
KMKG,Vision Ait,231-798-2126,info@ea-transport.com,
KHWD,VOLO AVIATION,510-670-2864,510-259-1959,
KSEF,Volo Aviation,863-655-6455,customerservicesef@voloaviation.com,
CYYB,VOYAGEUR AIRPORT SER,705-476-1750,info@voyav.com,
KCTJ,W GA RGL Airport Auth,770-834-0061,randy.williams@wgraa.com,After Hours 770-596-0333
KRBW,WALTERBORO MUNI.,843-549-2549,843-549-1444,
KHRJ,Warren Aviation,910-814-2740,npusser@warrencompany.com,
KAUW,Wassau Flying Svc,715-845-3400,taildraggerflyer@yahoo.com,
KUES,WAUKESHA,262.549.6150,262-549-1030,
KLUK,WAYPOINT AVIATION,1-800-769-4765,customerservice@WaypointAviationluk.com,
KRAP,WEST JET,800-888-4270,westjet@westjetair.com,
KAWM,WEST MEMPHIS AVAITIO,870-735-4656,wmairport@gmail.com,
KSFF,Western Aviaiton,509-534-7371,cservice@westernaviation.net,After Hours: 509-939-8197
KBOI,WESTERN AVIATION,800-333-3442,208-338-1869,answering service after hours
EGNJ,WESTON AVIATION,44-1652-680922,humberside@westonaviation.com,
EICK,Weston Aviation,+353-21-432-9702,cork@westonaviation.com,
MYEH,WHITE CROWN AVIATION,1-242-335-1650,frontdesk@whitecrownaviation.com,handler only no fuel
CYVV,WIARTON/KEPPEL,519-534-0140,airport@georgianbluffs.on.ca,
KF05,WILBARGER COUNTY AP,940-552-2182,,
KYIP,WILLOW RUN CENTER,888-538-2368,csryip@avflight.com,
KMEM,WILSON AIR,800-464-2992,901-345-1088,
KCLT,WILSON AIR CENTER,704-359-0440,cscharlotte@wilsonair.com,
KOKV,WINCHESTER AVIATION,540-662-5786,540-722-9335,
KISW,WINGS AVIATION,715-421-0330,715-421-1469,
KYNG,WINNER AVI,800-837-4964,,
KGIF,Winter Haven Rgnl Airport,863-298-4551,ltreggi@mywinterhaven.com,
KMSN,WISCONSIN AVATION,800-594-5359,608-249-6102,
KFLG,WISEMAN AVIATION,877-947-3326,,Orville for After Hours
KPKB,WOOD COUNTY AIRPORT,304-464-5115,304-464-5112,
CYQX,WOODWARD AVIATION,709-256-4414,operationsyqx@woodwardaviation.com,
CYYT,WOODWARD AVIATION SERVICES,888-490-3776,operationsyyt@woodwardaviation.com,
KMHE,WRIGHT BROS.,605-996-1228,,
KDAY,WRIGHT BROTHERS AERO,937-890-8900,937-890-8900,
KLVM,YELLOWSTONE AIR SERV,406-222-6504,,
KDAB,YELVINGTON JET CTR,386-257-7791,csr@yjeta.com,After Hours 386-547-5113
KICT,Yingling Aviation,316-943-3246,csr@yinglingaviation.com,
KJYR,YORK MUNICIPAL AIRPO,402-363-2660,402-363-2601,
HECA,Z-Aviation Svcs,20 2 2268 7914,ops@zasair.com,
KT86,ZAPATA COUNTY APT,956-765-9794,,
KZPH,ZEPHYRHILLS MUNI,813-788-4902,,